category,new_filename,alt_text,width,height,size_out_kb
app-and-branding,track-what-works-for-your-body-cyclebalance.webp,CycleBalance app mockup showing personalized PCOS cycle tracking on iPhone,941,1672,119.1
app-and-branding,start-tracking-pcos-with-cyclebalance.webp,"CycleBalance branded promo: start tracking PCOS symptoms, glucose, and irregular periods",941,1672,136.3
nutrition-fruits,why-fruit-choice-matters-for-pcos.webp,Why fruit choice matters for PCOS: high vs low glycemic fruits,941,1254,74.0
nutrition-fruits,pcos-friendly-fruit-also-great-choices.webp,PCOS-friendly fruit: also great choices for blood sugar balance,941,1672,121.6
nutrition-fruits,pcos-and-fruit-quick-guide.webp,PCOS and fruit: a quick guide to hormone-friendly choices,941,1254,63.3
nutrition-general,seeds-and-smart-add-ins-pcos.webp,"Seeds and smart add-ins for PCOS: chia, flax, pumpkin",941,1672,125.9
nutrition-carbs,pcos-and-carbs-you-do-not-need-to-cut-them-out.webp,PCOS and carbs: you do NOT need to cut them out,941,1254,121.1
nutrition-fruits,pcos-fruit-tips-blood-sugar-friendly.webp,PCOS fruit tips: blood-sugar-friendly fruit pairings,941,1254,100.8
nutrition-carbs,pair-carbs-with-protein-fat-fiber-pcos.webp,"Pair carbs with protein, fat, and fiber for PCOS blood sugar balance",941,1254,139.8
nutrition-fruits,best-pick-berries-for-pcos.webp,"Best pick: berries for PCOS — low glycemic, high fiber, antioxidant rich",941,1672,135.2
nutrition-general,if-you-have-pcos-this-may-explain-a-lot.webp,"If you have PCOS, this may explain a lot — symptom and cycle education",1024,1536,63.8
nutrition-protein,the-power-of-protein-for-pcos-balance.webp,"The power of protein for PCOS balance — protein, fiber, fat strategy",941,1672,193.5
app-and-branding,log-what-you-feel-cyclebalance-app.webp,CycleBalance app screen for logging PCOS symptoms and how you feel,853,1844,71.8
supplements,omega-3-rich-fish-can-be-helpful-pcos.webp,"Omega-3 rich fish can be helpful for PCOS: salmon, mackerel, sardines",941,1672,128.7
nutrition-fruits,the-pcos-fruit-guide-natures-best-for-hormone-balance.webp,The PCOS fruit guide: nature's best fruit for hormone balance,1179,1572,168.6
app-and-branding,cyclebalance-tracking-symptoms-and-glucose.webp,"CycleBalance promo: track irregular periods, PCOS symptoms, and glucose in one place",941,1254,88.8
app-and-branding,you-can-make-pcos-work-better-for-you.webp,You can make PCOS work better for you — CycleBalance lifestyle promo,941,1672,137.8
app-and-branding,cyclebalance-moon-logo-mark.webp,CycleBalance brand logo mark in pastel gradient,1024,1536,14.9
nutrition-carbs,manage-pcos-carbs-with-strategy-not-restriction.webp,"Manage PCOS carbs with strategy, not restriction",941,1672,146.8
nutrition-protein,soy-foods-are-a-great-pcos-option.webp,"Soy foods are a great option for PCOS: tofu, tempeh, edamame",941,1672,146.2
lifestyle,reduce-stress-load-for-pcos.webp,Reduce stress load for PCOS hormone balance,1024,1536,30.1
nutrition-protein,build-pcos-meals-around-protein-and-fiber.webp,Build PCOS meals around protein and fiber for blood sugar balance,1024,1536,58.8
nutrition-vegetables,easy-ways-to-eat-more-veggies-pcos.webp,Easy ways to eat more vegetables for PCOS,941,1672,142.9
nutrition-vegetables,best-vegetables-for-pcos-management.webp,The best vegetables for PCOS management: nutrient-dense greens,1179,1572,176.6
lifestyle,walk-more-add-strength-training-pcos.webp,Walk more and add strength training to support PCOS insulin sensitivity,1024,1536,52.2
app-and-branding,feel-supported-every-day-cyclebalance.webp,CycleBalance app screen: feel supported every day with gentle PCOS reminders,853,1844,82.2
nutrition-fats,monounsaturated-fats-for-pcos.webp,"Monounsaturated fats for PCOS: avocado, olive oil, almonds",941,1672,115.9
nutrition-general,pcos-is-manageable-with-consistency.webp,"PCOS is manageable, but it usually takes consistency",1024,1536,43.4
app-and-branding,cyclebalance-logo-dark-mode.webp,CycleBalance brand logo on dark background,1024,1024,45.7
nutrition-general,best-foods-for-pcos-styled-plate.webp,"Best foods for PCOS: styled plate with salmon, vegetables, fruit",1024,1536,53.6
nutrition-vegetables,nutrient-dense-greens-pcos-veg-guide.webp,Nutrient-dense greens: best vegetables for PCOS management,1179,1571,179.1
app-and-branding,smarter-cycle-predictions-cyclebalance.webp,CycleBalance smarter cycle predictions iPhone app screen for PCOS,853,1844,84.2
nutrition-protein,pcos-protein-strategy-protein-fiber-fat.webp,The PCOS protein strategy: protein + fiber + fat at every meal,941,1672,143.2
nutrition-fruits,best-pick-berries-pcos-snacking-guide.webp,Best pick: berries — a favorite fruit group for PCOS-friendly snacking,941,1254,108.9
nutrition-protein,start-the-day-with-protein-pcos-breakfast-ideas.webp,Start the day with protein: PCOS-friendly breakfast ideas,941,1672,152.4
nutrition-fruits,quick-pcos-fruit-tips-snack-ideas.webp,Quick PCOS fruit tips: easy snack ideas to keep blood sugar steady,941,1672,124.1
nutrition-protein,use-the-palm-sized-protein-rule-pcos.webp,Use the palm-sized protein rule for PCOS-friendly meals,941,1672,168.4
nutrition-fruits,pcos-fruit-choices-overview.webp,"PCOS fruit choices overview: berries, apples, citrus and more",941,1254,90.6
nutrition-general,build-a-pcos-friendly-plate.webp,How to build a PCOS-friendly plate,941,1672,146.5
nutrition-fruits,pcos-and-fruit-condensed-tips.webp,PCOS and fruit: condensed tips for hormone-friendly snacking,941,1672,109.8
nutrition-carbs,the-pcos-carbohydrate-blueprint-smart-swaps.webp,The PCOS carbohydrate blueprint: smart swaps for hormone balance,1179,1571,188.5
app-and-branding,made-for-irregular-cycles-cyclebalance.webp,CycleBalance: an app made for irregular PCOS cycles,853,1844,75.8
nutrition-carbs,carbs-arent-the-problem-blood-sugar-swings-are.webp,Carbs aren't the problem — blood sugar swings can be,941,1254,98.4
nutrition-general,the-science-fiber-helps-pcos.webp,The science: fiber helps PCOS blood sugar,941,1254,74.2
app-and-branding,meet-cyclebalance-app-iphone-mockup.webp,Meet CycleBalance: PCOS tracking app shown on iPhone,853,1844,73.0
nutrition-vegetables,nutrient-dense-greens-pcos-veg-detailed-guide.webp,Nutrient-dense greens for PCOS — detailed vegetable selection guide,1179,1571,178.8
nutrition-general,five-ways-to-help-manage-pcos-symptoms.webp,Five ways to help manage PCOS symptoms,1024,1536,35.2
nutrition-fruits,pcos-and-fruit-quick-overview.webp,PCOS and fruit quick visual overview,1179,1572,177.0
nutrition-carbs,pcos-carb-smart-swaps-hormone-balance-detailed.webp,PCOS carb smart swaps for hormone balance — detailed reference,1179,1571,181.1
lifestyle,sleep-like-it-matters-pcos.webp,Sleep like it matters: PCOS-friendly sleep habits,1024,1536,38.8
nutrition-carbs,pair-carbs-with-protein-fat-fiber-recipe-example.webp,"Pair carbs with protein, fat, fiber — PCOS recipe pairing example",941,1672,160.8
nutrition-general,pcos-choose-more-limit-more-foods.webp,PCOS: foods to choose more and limit more,941,1672,144.7
nutrition-fats,why-healthy-fats-matter-for-pcos.webp,Why healthy fats matter for PCOS hormone production,941,1672,116.2
nutrition-vegetables,top-vegetables-to-focus-on-for-pcos.webp,Top vegetables to focus on for PCOS hormone balance,941,1672,155.2
nutrition-fats,the-best-fats-for-pcos-balance.webp,"The best fats for PCOS balance: avocado, olive oil, salmon, nuts",941,1672,159.4
nutrition-fruits,pcos-fruit-guide-natures-best-detailed.webp,PCOS fruit guide: nature's best for hormone balance — detailed reference,1179,1572,166.9
nutrition-carbs,pcos-carbohydrate-blueprint-best-carbs-hall-of-fame.webp,PCOS carbohydrate blueprint: best carbs hall of fame,1440,1920,244.6
lifestyle,five-ways-to-heal-pcos-hormonal-imbalance.webp,Five ways to heal PCOS hormonal imbalance,1024,1536,205.8
app-and-branding,track-pcos-symptoms-patterns-cycles-app-store.webp,"Track PCOS symptoms, patterns, and cycles — App Store callout",1024,1536,31.9
nutrition-vegetables,why-vegetables-matter-for-pcos.webp,"Why vegetables matter for PCOS: fiber, antioxidants, hormone health",941,1672,108.2
app-and-branding,cyclebalance-available-on-apple-ios-store.webp,CycleBalance available on the Apple iOS App Store,1024,1536,23.8
nutrition-protein,pcos-protein-checklist-for-every-meal.webp,PCOS protein checklist: easy ways to add protein to every meal,941,1672,149.5
nutrition-general,best-foods-for-pcos-illustrated-plate.webp,Best foods for PCOS — illustrated balanced plate,1024,1536,62.5
nutrition-general,what-to-reach-for-pcos-whole-grains-fiber-fruit.webp,"What to reach for with PCOS: whole grains, fiber-rich staples, whole fruit",941,1672,145.0
supplements,magnesium-stress-fatigue-pcos.webp,"Magnesium for PCOS: support for stress, fatigue, sleep, and cramps",941,1672,165.9
app-and-branding,cyclebalance-download-on-the-app-store.webp,Download CycleBalance on the App Store,1024,1536,24.5
app-and-branding,cyclebalance-available-in-apple-ios-store.webp,CycleBalance available in the Apple iOS Store,1024,1536,23.6
nutrition-carbs,pcos-carb-guide-do-not-cut-them-out-detailed.webp,PCOS carb guide: you do not need to cut them out — detailed,941,1672,155.2
nutrition-general,the-science-of-fiber-pcos-blood-sugar.webp,The science of fiber: how it supports PCOS blood sugar balance,941,1672,100.5
app-and-branding,start-tracking-cyclebalance-symptoms-glucose-energy.webp,"Start tracking with CycleBalance: irregular periods, PCOS symptoms, glucose, cravings, energy",941,1672,110.8
nutrition-protein,plant-proteins-pull-double-duty-for-pcos.webp,"Plant proteins pull double duty for PCOS: lentils, chickpeas, flaxseeds",941,1672,164.9
nutrition-general,what-to-reach-for-pcos-grains-fiber-detailed.webp,"What to reach for with PCOS: grains, fiber, fruit — detailed",941,1254,108.6
app-and-branding,find-pcos-patterns-that-matter-cyclebalance.webp,Find patterns that matter — CycleBalance PCOS insights screen,853,1844,79.1
nutrition-fats,omega-3-fats-for-pcos-inflammation.webp,Omega-3 fats for PCOS: lower inflammation and support metabolism,941,1672,133.0
nutrition-carbs,carbs-are-not-the-problem-pcos-insulin-resistance.webp,Carbs aren't the problem: PCOS insulin resistance and blood sugar,941,1672,121.0
nutrition-fruits,why-fruit-choice-matters-for-pcos-detailed.webp,Why fruit choice matters for PCOS — detailed glycemic comparison,941,1672,100.5
app-and-branding,track-your-pcos-symptoms-consistently.webp,Track your PCOS symptoms consistently with CycleBalance,1024,1536,70.2
nutrition-vegetables,best-vegetables-for-pcos-circle-guide.webp,Best vegetables for PCOS: visual circle guide,941,1672,125.3
nutrition-protein,why-protein-matters-for-pcos.webp,"Why protein matters for PCOS: blood sugar, satiety, hormone support",941,1672,119.6
lifestyle,five-ways-to-heal-pcos-hormonal-imbalance-callout.webp,Five ways to heal PCOS hormonal imbalance — callout cover,1179,1468,41.5
lifestyle,heal-pcos-hormonal-imbalance-character-cover.webp,Heal PCOS hormonal imbalance — illustrated character cover,912,1136,49.2
misc-flagged,pinterest-screenshot-misc-1.webp,Pinterest screenshot of doodles — flagged off-topic,1179,2251,61.3
misc-flagged,pinterest-screenshot-misc-2.webp,Pinterest screenshot of doodles — flagged off-topic,1179,2251,39.5
nutrition-protein,best-pcos-proteins-eggs-salmon-chicken-beef.webp,"Best PCOS proteins: pasture-raised eggs, wild salmon, chicken, beef, turkey, bone broth",1179,1995,56.9
nutrition-protein,best-pcos-proteins-quick-guide.webp,Best PCOS proteins quick visual guide,1179,1066,47.0
nutrition-vegetables,best-pcos-veggies-broccoli-spinach-cauliflower.webp,"Best PCOS veggies: broccoli, spinach, zucchini, bell pepper, cauliflower, brussels sprouts",1179,1119,43.7
nutrition-carbs,best-pcos-carbs-quick-guide.webp,"Best PCOS carbs quick visual guide: oats, quinoa, lentils, sweet potato",1179,1073,47.3
nutrition-fats,best-pcos-fats-avocado-olive-oil-flax-chia.webp,"Best PCOS fats: avocado, olive oil, flax seeds, chia seeds, nut butters",1179,1103,43.4
nutrition-general,taking-back-control-managing-pcos-through-nutrition.webp,Taking back control: managing PCOS through nutrition,1179,2062,220.5
hormone-insulin,pcos-and-insulin-resistance-hidden-connection-weight.webp,PCOS and insulin resistance: the hidden connection to weight gain,1179,2049,187.4
hormone-insulin,hormone-chain-reaction-blood-sugar-impacts-body-pcos.webp,The hormone chain reaction: how blood sugar impacts your body in PCOS,1179,2056,195.7
hormone-insulin,blood-sugar-fertility-connection-pcos.webp,The blood sugar–fertility connection in PCOS,1179,2052,231.0
hormone-insulin,hormone-chain-reaction-blood-sugar-detailed-pcos.webp,Hormone chain reaction: blood sugar impacts your body — detailed,1179,2062,199.0
misc-flagged,field-service-dashboard-screenshot.webp,Field service dashboard screenshot — flagged unrelated,1179,2556,48.4
nutrition-general,best-foods-for-pcos-styled-illustration.webp,Best foods for PCOS — styled illustration,983,969,33.1
nutrition-fruits,the-pcos-fruit-guide-detailed-infographic.webp,The PCOS fruit guide: detailed nutrition infographic,1179,2062,219.6
nutrition-fats,best-fats-for-pcos-balance-detailed.webp,Best fats for PCOS balance — detailed nutrition infographic,1179,2062,202.6
nutrition-vegetables,nutrient-dense-greens-pcos-detailed-strategy.webp,Nutrient-dense greens for PCOS — detailed strategy infographic,1179,2075,220.7
nutrition-carbs,pcos-carb-blueprint-hall-of-fame-detailed-infographic.webp,PCOS carb blueprint hall of fame — detailed infographic,1179,2053,217.9
misc-flagged,rabbit-rainbow-meme.webp,Rabbit rainbow meme — flagged off-topic,680,413,14.7
misc-flagged,benjamin-franklin-daily-schedule.webp,Benjamin Franklin daily schedule reference — flagged off-topic,818,1199,126.9
app-and-branding,cyclebalance-period-log-day-one-screen.webp,"CycleBalance app: Day 1 of current cycle, period logging screen",1179,2556,52.3
cycle-tracking-symptoms,irregular-periods-are-not-just-random-pcos.webp,Irregular periods are not just random — what they reveal about PCOS,1179,2082,112.2
cycle-tracking-symptoms,cycle-length-and-missed-periods-pcos.webp,Cycle length and missed periods: what they mean for PCOS,1179,2076,132.5
cycle-tracking-symptoms,cramps-tell-part-of-the-pcos-story.webp,"Cramps tell part of the PCOS story: mild, moderate, severe",1179,2081,134.0
cycle-tracking-symptoms,mood-and-energy-follow-a-pattern-pcos.webp,Mood and energy often follow a pattern in PCOS,1179,2049,135.6
cycle-tracking-symptoms,acne-and-cravings-pcos-helpful-clues.webp,Acne and cravings are helpful PCOS clues to track,1179,2072,145.2
cycle-tracking-symptoms,patterns-become-clearer-together-pcos-tracking.webp,Patterns become clearer together: PCOS cycle tracking insight,1179,2069,163.2
app-and-branding,cyclebalance-start-tracking-irregular-periods-pcos.webp,"Start tracking with CycleBalance: irregular periods, PCOS symptoms, glucose",1179,1544,96.7
supplements,not-all-pcos-supplements-look-the-same.webp,Not all PCOS supplements look the same — what to know,1179,2076,149.6
supplements,inositol-myo-d-chiro-supports-insulin-sensitivity.webp,Inositol (myo + d-chiro) supports insulin sensitivity for PCOS,1179,2058,138.8
supplements,magnesium-stress-cortisol-pcos.webp,"Magnesium helps with stress, cortisol balance, sleep, and cramps for PCOS",1179,2036,144.0
supplements,omega-3-fish-oil-pcos-inflammation.webp,"Omega-3 fish oil for PCOS: lower inflammation, support hormone balance",1179,2039,144.0
supplements,vitamin-d-pcos-hormone-immune-support.webp,"Vitamin D and PCOS: hormone, immune, and cycle support",1179,1893,120.9
supplements,zinc-and-spearmint-for-pcos-acne-androgens.webp,"Zinc or spearmint for PCOS: acne, androgens, and clearer skin",1179,1903,145.8
supplements,inositol-the-one-pcos-supplement-that-gets-attention.webp,Inositol: the PCOS supplement that gets a lot of attention,1179,2053,144.8
supplements,a-gentle-reminder-pcos-supplements-consistency.webp,A gentle reminder: consistency matters with PCOS supplements,1179,2051,159.6
supplements,what-is-inositol-pcos-explained.webp,What is inositol? PCOS supplement explained,1179,2071,161.1
supplements,inositol-supports-insulin-sensitivity-pcos.webp,Inositol supports insulin sensitivity for PCOS,1179,2081,143.0
supplements,inositol-supports-hormone-balance-pcos.webp,Inositol can support hormone balance for PCOS,1179,2058,159.7
supplements,inositol-may-help-regulate-cycles-pcos.webp,Inositol may help regulate cycles for PCOS,1179,2061,182.0
supplements,magnesium-and-pcos-overview.webp,Magnesium and PCOS: how this gentle supplement supports symptoms,1179,2039,161.4
supplements,why-magnesium-matters-for-pcos.webp,"Why magnesium matters for PCOS: stress, sleep, cramps, fatigue",1179,2046,182.9
supplements,magnesium-for-stress-and-mood-pcos.webp,Magnesium for stress and mood support in PCOS,1179,2042,165.5
supplements,magnesium-for-sleep-and-fatigue-pcos.webp,Magnesium for sleep and fatigue support in PCOS,1179,2072,172.4
supplements,magnesium-for-cramps-and-comfort-pcos.webp,Magnesium for menstrual cramps and comfort in PCOS,1179,2066,182.7
supplements,magnesium-for-cravings-and-blood-sugar-balance-pcos.webp,Magnesium for cravings and blood sugar balance in PCOS,1179,2046,190.2
supplements,omega-3-and-pcos-scientific-benefits.webp,Omega-3 and PCOS: scientific benefits worth knowing,1179,2009,169.4
supplements,omega-3-may-help-lower-inflammation-pcos.webp,Omega-3 may help lower inflammation in PCOS,1179,2072,183.3
supplements,omega-3-supports-insulin-sensitivity-pcos.webp,Omega-3 supports insulin sensitivity in PCOS,1179,2039,163.5
supplements,omega-3-supports-heart-and-triglyceride-health-pcos.webp,Omega-3 supports heart and triglyceride health for women with PCOS,1179,2029,168.2
supplements,omega-3-may-support-hormone-balance-pcos.webp,Omega-3 may support hormone balance for PCOS,1179,2065,175.7
supplements,omega-3-mood-and-overall-wellbeing-pcos.webp,Omega-3 may support mood and overall wellbeing in PCOS,1179,2056,169.3
nutrition-protein,protein-strategies-for-pcos-balance-infographic.webp,"Protein strategies for PCOS balance: soy, omega-3 fish, fiber-packed plant proteins",1536,2689,305.8
